Vinecleaver,HIGH
Lost in the Jungle,HIGH
Righteous Protector,HIGH
Righteous Protector,MEDIUM
Fungalmancer,HIGH
Unidentified Maul,HIGH
Blessing of Might,HIGH
Lost in the Jungle,Vinecleaver,HIGH
Righteous Protector,Vinecleaver,HIGH
Vinecleaver,Fungalmancer,HIGH
Unidentified Maul,Vinecleaver,HIGH
Vinecleaver,Blessing of Might,HIGH
Righteous Protector,Lost in the Jungle,HIGH
Lost in the Jungle,Fungalmancer,HIGH
Unidentified Maul,Lost in the Jungle,HIGH
Lost in the Jungle,Blessing of Might,HIGH
Righteous Protector,Fungalmancer,HIGH
Righteous Protector,Unidentified Maul,HIGH
Righteous Protector,Blessing of Might,HIGH
Unidentified Maul,Fungalmancer,HIGH
Fungalmancer,Blessing of Might,HIGH
Unidentified Maul,Blessing of Might,HIGH
Righteous Protector,Lost in the Jungle,Vinecleaver,HIGH
Lost in the Jungle,Vinecleaver,Fungalmancer,HIGH
Unidentified Maul,Lost in the Jungle,Vinecleaver,HIGH
Righteous Protector,Vinecleaver,Fungalmancer,HIGH
Righteous Protector,Vinecleaver,Unidentified Maul,HIGH
Righteous Protector,Vinecleaver,Blessing of Might,HIGH
Unidentified Maul,Vinecleaver,Fungalmancer,HIGH
Blessing of Might,Vinecleaver,Fungalmancer,HIGH
Unidentified Maul,Vinecleaver,Blessing of Might,HIGH
Righteous Protector,Lost in the Jungle,Fungalmancer,HIGH
Righteous Protector,Lost in the Jungle,Unidentified Maul,HIGH
Righteous Protector,Lost in the Jungle,Blessing of Might,HIGH
Unidentified Maul,Lost in the Jungle,Fungalmancer,HIGH
Blessing of Might,Lost in the Jungle,Fungalmancer,HIGH
Unidentified Maul,Lost in the Jungle,Blessing of Might,HIGH
Righteous Protector,Fungalmancer,Unidentified Maul,HIGH
Righteous Protector,Fungalmancer,Blessing of Might,HIGH
Righteous Protector,Blessing of Might,Unidentified Maul,HIGH
Unidentified Maul,Fungalmancer,Blessing of Might,HIGH
Righteous Protector,Lost in the Jungle,Vinecleaver,Fungalmancer,HIGH
Righteous Protector,Lost in the Jungle,Vinecleaver,Unidentified Maul,HIGH
Unidentified Maul,Lost in the Jungle,Vinecleaver,Fungalmancer,HIGH
Righteous Protector,Unidentified Maul,Vinecleaver,Fungalmancer,HIGH
Righteous Protector,Blessing of Might,Vinecleaver,Fungalmancer,HIGH
Righteous Protector,Blessing of Might,Vinecleaver,Unidentified Maul,HIGH
Unidentified Maul,Blessing of Might,Vinecleaver,Fungalmancer,HIGH
Righteous Protector,Unidentified Maul,Lost in the Jungle,Fungalmancer,HIGH
Righteous Protector,Blessing of Might,Lost in the Jungle,Fungalmancer,HIGH
Righteous Protector,Blessing of Might,Lost in the Jungle,Unidentified Maul,HIGH
Unidentified Maul,Blessing of Might,Lost in the Jungle,Fungalmancer,HIGH
Righteous Protector,Blessing of Might,Fungalmancer,Unidentified Maul,HIGH
Lost in the Jungle,Unidentified Maul,Fungalmancer,Righteous Protector,Vinecleaver,HIGH
Fungalmancer,Unidentified Maul,Righteous Protector,Vinecleaver,Blessing of Might,HIGH
Lost in the Jungle,Unidentified Maul,Fungalmancer,Righteous Protector,Blessing of Might,HIGH
